Ingénieur Recherche Innovation et Développement (Présentation),09/03/2018 02:00 PM CEST,09/03/2018 04:00 PM CEST
Ingénieur Recherche Innovation et Développement (Présentation),09/03/2018 04:15 PM CEST,09/03/2018 06:15 PM CEST
Ingénieur Recherche Innovation et Développement (Cours),09/04/2018 08:00 AM CEST,09/04/2018 10:00 AM CEST
Structures de Recherche Nationales et Internationales - Philosophie Sciences et Société (Cours),09/04/2018 10:15 AM CEST,09/04/2018 12:15 PM CEST
Créativité ergonomie design innovation compétitivité (Cours),09/04/2018 02:00 PM CEST,09/04/2018 04:00 PM CEST
Ingénieur Recherche Innovation et Développement (Cours),09/04/2018 04:15 PM CEST,09/04/2018 06:15 PM CEST
Gestion du Projet de recherche et Interdisciplinarité (Cours),09/05/2018 08:00 AM CEST,09/05/2018 10:00 AM CEST
Gestion du Projet de recherche et Interdisciplinarité (Cours),09/05/2018 10:15 AM CEST,09/05/2018 12:15 PM CEST
Gestion du Projet de recherche et Interdisciplinarité (Cours),09/05/2018 02:00 PM CEST,09/05/2018 04:00 PM CEST
Créativité ergonomie design innovation compétitivité (Cours),09/05/2018 04:15 PM CEST,09/05/2018 06:15 PM CEST
Gestion du Projet de recherche et Interdisciplinarité (BE),09/06/2018 08:00 AM CEST,09/06/2018 10:00 AM CEST
Structures de Recherche Nationales et Internationales - Philosophie Sciences et Société (Cours),09/06/2018 10:15 AM CEST,09/06/2018 12:15 PM CEST
Créativité ergonomie design innovation compétitivité (Cours),09/06/2018 02:00 PM CEST,09/06/2018 04:00 PM CEST
Créativité ergonomie design innovation compétitivité (Cours),09/06/2018 04:15 PM CEST,09/06/2018 06:15 PM CEST
Créativité ergonomie design innovation compétitivité (Cours),09/07/2018 08:00 AM CEST,09/07/2018 10:00 AM CEST
Structures de Recherche Nationales et Internationales - Philosophie Sciences et Société (Cours),09/07/2018 10:15 AM CEST,09/07/2018 12:15 PM CEST
Ingénieur Recherche Innovation et Développement (Cours),09/10/2018 08:00 AM CEST,09/10/2018 10:00 AM CEST
Ingénieur Recherche Innovation et Développement (Cours),09/10/2018 10:15 AM CEST,09/10/2018 12:15 PM CEST
Créativité ergonomie design innovation compétitivité (Cours),09/10/2018 02:00 PM CEST,09/10/2018 04:00 PM CEST
Créativité ergonomie design innovation compétitivité (Conference),09/10/2018 04:15 PM CEST,09/10/2018 06:15 PM CEST
Gestion du Projet de recherche et Interdisciplinarité (Cours),09/11/2018 08:00 AM CEST,09/11/2018 10:00 AM CEST
Gestion du Projet de recherche et Interdisciplinarité (Cours),09/11/2018 10:15 AM CEST,09/11/2018 12:15 PM CEST
Structures de Recherche Nationales et Internationales - Philosophie Sciences et Société (Conference),09/11/2018 02:00 PM CEST,09/11/2018 04:00 PM CEST
Ingénieur Recherche Innovation et Développement (Cours),09/11/2018 04:15 PM CEST,09/11/2018 06:15 PM CEST
Créativité ergonomie design innovation compétitivité (Cours),09/12/2018 08:00 AM CEST,09/12/2018 10:00 AM CEST
Ingénieur Recherche Innovation et Développement (Cours),09/12/2018 10:15 AM CEST,09/12/2018 12:15 PM CEST
Structures de Recherche Nationales et Internationales - Philosophie Sciences et Société (TD),09/12/2018 02:00 PM CEST,09/12/2018 04:00 PM CEST
Ingénieur Recherche Innovation et Développement (Cours),09/12/2018 04:15 PM CEST,09/12/2018 06:15 PM CEST
Créativité ergonomie design innovation compétitivité (TD),09/13/2018 08:00 AM CEST,09/13/2018 10:00 AM CEST
Journée d'Option,09/14/2018 08:00 AM CEST,09/14/2018 12:15 PM CEST
Journée d'Option,09/14/2018 02:00 PM CEST,09/14/2018 06:15 PM CEST
Ingénieur Recherche Innovation et Développement (Cours),09/17/2018 08:00 AM CEST,09/17/2018 10:00 AM CEST
Ingénieur Recherche Innovation et Développement (Cours),09/17/2018 10:15 AM CEST,09/17/2018 12:15 PM CEST
Ingénieur Recherche Innovation et Développement (Cours),09/17/2018 02:00 PM CEST,09/17/2018 04:00 PM CEST
Ingénieur Recherche Innovation et Développement (Cours),09/17/2018 04:15 PM CEST,09/17/2018 06:15 PM CEST
Créativité ergonomie design innovation compétitivité (TD),09/18/2018 10:15 AM CEST,09/18/2018 12:15 PM CEST
Structures de Recherche Nationales et Internationales - Philosophie Sciences et Société (TD),09/18/2018 02:00 PM CEST,09/18/2018 04:00 PM CEST
Ingénieur Recherche Innovation et Développement (Cours),09/18/2018 04:15 PM CEST,09/18/2018 06:15 PM CEST
Structures de Recherche Nationales et Internationales - Philosophie Sciences et Société (Conference),09/19/2018 08:00 AM CEST,09/19/2018 10:00 AM CEST
Créativité ergonomie design innovation compétitivité (BE),09/19/2018 10:15 AM CEST,09/19/2018 12:15 PM CEST
Structures de Recherche Nationales et Internationales - Philosophie Sciences et Société (Conference),09/19/2018 02:00 PM CEST,09/19/2018 04:00 PM CEST
Ingénieur Recherche Innovation et Développement (Cours),09/19/2018 04:15 PM CEST,09/19/2018 06:15 PM CEST
Gestion du Projet de recherche et Interdisciplinarité (BE),09/20/2018 08:00 AM CEST,09/20/2018 10:00 AM CEST
Gestion du Projet de recherche et Interdisciplinarité (BE),09/20/2018 10:15 AM CEST,09/20/2018 12:15 PM CEST
Ingénieur Recherche Innovation et Développement (Cours),09/21/2018 08:00 AM CEST,09/21/2018 10:00 AM CEST
Ingénieur Recherche Innovation et Développement (Cours),09/21/2018 10:15 AM CEST,09/21/2018 12:15 PM CEST
Structures de Recherche Nationales et Internationales - Philosophie Sciences et Société (Conference),09/21/2018 01:30 PM CEST,09/21/2018 03:30 PM CEST
Ingénieur Recherche Innovation et Développement (Cours),09/21/2018 03:45 PM CEST,09/21/2018 05:45 PM CEST
Ingénieur Recherche Innovation et Développement (Cours),09/24/2018 08:00 AM CEST,09/24/2018 10:00 AM CEST
Ingénieur Recherche Innovation et Développement (Cours),09/24/2018 10:15 AM CEST,09/24/2018 12:15 PM CEST
Structures de Recherche Nationales et Internationales - Philosophie Sciences et Société (TD),09/24/2018 02:00 PM CEST,09/24/2018 04:00 PM CEST
Structures de Recherche Nationales et Internationales - Philosophie Sciences et Société (Conference),09/24/2018 04:15 PM CEST,09/24/2018 06:15 PM CEST
Gestion du Projet de recherche et Interdisciplinarité (BE),09/25/2018 08:00 AM CEST,09/25/2018 10:00 AM CEST
Gestion du Projet de recherche et Interdisciplinarité (BE),09/25/2018 10:15 AM CEST,09/25/2018 12:15 PM CEST
Structures de Recherche Nationales et Internationales - Philosophie Sciences et Société (Conference),09/25/2018 02:00 PM CEST,09/25/2018 04:00 PM CEST
Ingénieur Recherche Innovation et Développement (Cours),09/25/2018 04:15 PM CEST,09/25/2018 06:15 PM CEST
Gestion du Projet de recherche et Interdisciplinarité (BE),09/26/2018 08:00 AM CEST,09/26/2018 10:00 AM CEST
Gestion du Projet de recherche et Interdisciplinarité (BE),09/26/2018 10:15 AM CEST,09/26/2018 12:15 PM CEST
Ingénieur Recherche Innovation et Développement (Cours),09/26/2018 02:00 PM CEST,09/26/2018 04:00 PM CEST
Créativité ergonomie design innovation compétitivité (Examen),09/27/2018 08:00 AM CEST,09/27/2018 10:00 AM CEST
Structures de Recherche Nationales et Internationales - Philosophie Sciences et Société (Examen),09/27/2018 10:15 AM CEST,09/27/2018 12:15 PM CEST
Créativité ergonomie design innovation compétitivité (Examen),09/28/2018 10:15 AM CEST,09/28/2018 12:15 PM CEST
Ingénieur Recherche Innovation et Développement (Cours),09/28/2018 01:30 PM CEST,09/28/2018 03:30 PM CEST
Ingénieur Recherche Innovation et Développement (Cours),09/28/2018 03:45 PM CEST,09/28/2018 05:45 PM CEST
Défis informatiques du Big Data (Cours),10/01/2018 08:00 AM CEST,10/01/2018 10:00 AM CEST
Automatique Avancée / Extraction de connaissances et apprentissage artificiel / Extraction de Connaissances et apprentissage artificiel (Cours),10/01/2018 10:15 AM CEST,10/01/2018 12:15 PM CEST
Réseaux informatiques (Cours),10/02/2018 10:15 AM CEST,10/02/2018 12:15 PM CEST
Systèmes embarqués en environnement hostile / Systèmes embarqués sécurisés (Cours),10/02/2018 02:00 PM CEST,10/02/2018 04:00 PM CEST
Représentation et manipulation de données structurées (Cours),10/02/2018 04:15 PM CEST,10/02/2018 06:15 PM CEST
Systèmes embarqués en environnement hostile / Systèmes embarqués sécurisés (BE),10/03/2018 08:00 AM CEST,10/03/2018 10:00 AM CEST
Systèmes embarqués en environnement hostile / Systèmes embarqués sécurisés (BE),10/03/2018 10:15 AM CEST,10/03/2018 12:15 PM CEST
Défis informatiques du Big Data (TP),10/03/2018 02:00 PM CEST,10/03/2018 04:00 PM CEST
Défis informatiques du Big Data (TP),10/03/2018 04:15 PM CEST,10/03/2018 06:15 PM CEST
Système de bases de données / Systèmes de bases de données (Cours),10/04/2018 10:15 AM CEST,10/04/2018 12:15 PM CEST
Droit de l'entreprise (Cours),10/05/2018 08:00 AM CEST,10/05/2018 10:00 AM CEST
Intelligence économique et protection de l'information (Cours),10/05/2018 10:15 AM CEST,10/05/2018 12:15 PM CEST
Réseaux informatiques (Cours),10/05/2018 01:30 PM CEST,10/05/2018 03:30 PM CEST
Système de bases de données / Systèmes de bases de données (Cours),10/05/2018 03:45 PM CEST,10/05/2018 05:45 PM CEST
Défis informatiques du Big Data (Cours),10/08/2018 08:00 AM CEST,10/08/2018 10:00 AM CEST
Automatique Avancée / Extraction de connaissances et apprentissage artificiel / Extraction de Connaissances et apprentissage artificiel (Cours),10/08/2018 10:15 AM CEST,10/08/2018 12:15 PM CEST
Système de bases de données / Systèmes de bases de données (Cours),10/08/2018 02:00 PM CEST,10/08/2018 04:00 PM CEST
Système de bases de données / Systèmes de bases de données (BE),10/08/2018 04:15 PM CEST,10/08/2018 06:15 PM CEST
Automatique Avancée / Extraction de connaissances et apprentissage artificiel / Extraction de Connaissances et apprentissage artificiel (BE),10/09/2018 08:00 AM CEST,10/09/2018 10:00 AM CEST
Automatique Avancée / Extraction de connaissances et apprentissage artificiel / Extraction de Connaissances et apprentissage artificiel (BE),10/09/2018 10:15 AM CEST,10/09/2018 12:15 PM CEST
Systèmes embarqués en environnement hostile / Systèmes embarqués sécurisés (Cours),10/09/2018 02:00 PM CEST,10/09/2018 04:00 PM CEST
Représentation et manipulation de données structurées (Cours),10/09/2018 04:15 PM CEST,10/09/2018 06:15 PM CEST
Systèmes embarqués en environnement hostile / Systèmes embarqués sécurisés (Cours),10/10/2018 08:00 AM CEST,10/10/2018 10:00 AM CEST
Systèmes embarqués en environnement hostile / Systèmes embarqués sécurisés (Cours),10/10/2018 10:15 AM CEST,10/10/2018 12:15 PM CEST
Réseaux informatiques (BE),10/11/2018 08:00 AM CEST,10/11/2018 10:00 AM CEST
Réseaux informatiques (BE),10/11/2018 10:15 AM CEST,10/11/2018 12:15 PM CEST
Droit de l'entreprise (Cours),10/12/2018 08:00 AM CEST,10/12/2018 10:00 AM CEST
Intelligence économique et protection de l'information (Cours),10/12/2018 10:15 AM CEST,10/12/2018 12:15 PM CEST
Réseaux informatiques (Cours),10/12/2018 01:30 PM CEST,10/12/2018 03:30 PM CEST
Système de bases de données / Systèmes de bases de données (Cours),10/12/2018 03:45 PM CEST,10/12/2018 05:45 PM CEST
Défis informatiques du Big Data (Cours),10/15/2018 08:00 AM CEST,10/15/2018 10:00 AM CEST
Automatique Avancée / Extraction de connaissances et apprentissage artificiel / Extraction de Connaissances et apprentissage artificiel (Cours),10/15/2018 10:15 AM CEST,10/15/2018 12:15 PM CEST
Représentation et manipulation de données structurées (BE),10/15/2018 02:00 PM CEST,10/15/2018 04:00 PM CEST
Représentation et manipulation de données structurées (BE),10/15/2018 04:15 PM CEST,10/15/2018 06:15 PM CEST
Systèmes embarqués en environnement hostile / Systèmes embarqués sécurisés (Cours),10/16/2018 02:00 PM CEST,10/16/2018 04:00 PM CEST
Représentation et manipulation de données structurées (Cours),10/16/2018 04:15 PM CEST,10/16/2018 06:15 PM CEST
Systèmes embarqués en environnement hostile / Systèmes embarqués sécurisés (Cours),10/17/2018 08:00 AM CEST,10/17/2018 10:00 AM CEST
Systèmes embarqués en environnement hostile / Systèmes embarqués sécurisés (Cours),10/17/2018 10:15 AM CEST,10/17/2018 12:15 PM CEST
Anglais fort (BE),10/18/2018 08:00 AM CEST,10/18/2018 10:00 AM CEST
Système de bases de données / Systèmes de bases de données (Cours),10/18/2018 10:15 AM CEST,10/18/2018 12:15 PM CEST
Droit de l'entreprise (Cours),10/19/2018 08:00 AM CEST,10/19/2018 10:00 AM CEST
Intelligence économique et protection de l'information (Cours),10/19/2018 10:15 AM CEST,10/19/2018 12:15 PM CEST
Réseaux informatiques (Cours),10/19/2018 01:30 PM CEST,10/19/2018 03:30 PM CEST
Système de bases de données / Systèmes de bases de données (BE),10/19/2018 03:45 PM CEST,10/19/2018 05:45 PM CEST
Défis informatiques du Big Data (Cours),10/22/2018 08:00 AM CEST,10/22/2018 10:00 AM CEST
Automatique Avancée / Extraction de connaissances et apprentissage artificiel / Extraction de Connaissances et apprentissage artificiel (Cours),10/22/2018 10:15 AM CEST,10/22/2018 12:15 PM CEST
Système de bases de données / Systèmes de bases de données (BE),10/22/2018 02:00 PM CEST,10/22/2018 04:00 PM CEST
Représentation et manipulation de données structurées (Cours),10/23/2018 04:15 PM CEST,10/23/2018 06:15 PM CEST
Systèmes embarqués en environnement hostile / Systèmes embarqués sécurisés (Cours),10/24/2018 10:15 AM CEST,10/24/2018 12:15 PM CEST
Réseaux informatiques (BE),10/25/2018 08:00 AM CEST,10/25/2018 10:00 AM CEST
Réseaux informatiques (BE),10/25/2018 10:15 AM CEST,10/25/2018 12:15 PM CEST
Droit de l'entreprise (Cours),10/26/2018 08:00 AM CEST,10/26/2018 10:00 AM CEST
Intelligence économique et protection de l'information (Cours),10/26/2018 10:15 AM CEST,10/26/2018 12:15 PM CEST
Réseaux informatiques (Cours),10/26/2018 01:30 PM CEST,10/26/2018 03:30 PM CEST
Système de bases de données / Systèmes de bases de données (BE),10/26/2018 03:45 PM CEST,10/26/2018 05:45 PM CEST
Défis informatiques du Big Data (Cours),11/05/2018 08:00 AM CET,11/05/2018 10:00 AM CET
Automatique Avancée / Extraction de connaissances et apprentissage artificiel / Extraction de Connaissances et apprentissage artificiel (Cours),11/05/2018 10:15 AM CET,11/05/2018 12:15 PM CET
Anglais fort (BE),11/06/2018 10:15 AM CET,11/06/2018 12:15 PM CET
Représentation et manipulation de données structurées (Cours),11/06/2018 04:15 PM CET,11/06/2018 06:15 PM CET
Défis informatiques du Big Data (TP),11/07/2018 02:00 PM CET,11/07/2018 04:00 PM CET
Défis informatiques du Big Data (TP),11/07/2018 04:15 PM CET,11/07/2018 06:15 PM CET
Gestion du Projet de recherche et Interdisciplinarité (Cours),11/08/2018 08:00 AM CET,11/08/2018 10:00 AM CET
Gestion du Projet de recherche et Interdisciplinarité (Cours),11/08/2018 10:15 AM CET,11/08/2018 12:15 PM CET
Gestion du Projet de recherche et Interdisciplinarité (Restitution),11/08/2018 02:00 PM CET,11/08/2018 04:00 PM CET
Gestion du Projet de recherche et Interdisciplinarité (Restitution),11/08/2018 04:15 PM CET,11/08/2018 06:15 PM CET
Journée Partenaires,11/12/2018 08:00 AM CET,11/12/2018 06:00 PM CET
Forum Perspectives,11/13/2018 08:00 AM CET,11/13/2018 06:00 PM CET
Systèmes embarqués en environnement hostile / Systèmes embarqués sécurisés (TP),11/14/2018 08:00 AM CET,11/14/2018 10:00 AM CET
Systèmes embarqués en environnement hostile / Systèmes embarqués sécurisés (TP),11/14/2018 10:15 AM CET,11/14/2018 12:15 PM CET
Réseaux informatiques (BE),11/15/2018 08:00 AM CET,11/15/2018 10:00 AM CET
Réseaux informatiques (BE),11/15/2018 10:15 AM CET,11/15/2018 12:15 PM CET
Droit de l'entreprise (Cours),11/16/2018 08:00 AM CET,11/16/2018 10:00 AM CET
Intelligence économique et protection de l'information (Cours),11/16/2018 10:15 AM CET,11/16/2018 12:15 PM CET
Réseaux informatiques (Cours),11/16/2018 01:30 PM CET,11/16/2018 03:30 PM CET
Système de bases de données / Systèmes de bases de données (Cours),11/16/2018 03:45 PM CET,11/16/2018 05:45 PM CET
Défis informatiques du Big Data (Cours),11/19/2018 08:00 AM CET,11/19/2018 10:00 AM CET
Automatique Avancée / Extraction de connaissances et apprentissage artificiel / Extraction de Connaissances et apprentissage artificiel (Cours),11/19/2018 10:15 AM CET,11/19/2018 12:15 PM CET
Représentation et manipulation de données structurées (BE),11/19/2018 02:00 PM CET,11/19/2018 04:00 PM CET
Représentation et manipulation de données structurées (BE),11/19/2018 04:15 PM CET,11/19/2018 06:15 PM CET
Automatique Avancée / Extraction de connaissances et apprentissage artificiel / Extraction de Connaissances et apprentissage artificiel (BE),11/20/2018 08:00 AM CET,11/20/2018 10:00 AM CET
Automatique Avancée / Extraction de connaissances et apprentissage artificiel / Extraction de Connaissances et apprentissage artificiel (BE),11/20/2018 10:15 AM CET,11/20/2018 12:15 PM CET
Représentation et manipulation de données structurées (Cours),11/20/2018 04:15 PM CET,11/20/2018 06:15 PM CET
Anglais fort (BE),11/21/2018 08:00 AM CET,11/21/2018 10:00 AM CET
Système de bases de données / Systèmes de bases de données (Cours),11/22/2018 08:00 AM CET,11/22/2018 10:00 AM CET
Droit de l'entreprise (Cours),11/23/2018 08:00 AM CET,11/23/2018 10:00 AM CET
Intelligence économique et protection de l'information (Cours),11/23/2018 10:15 AM CET,11/23/2018 12:15 PM CET
Réseaux informatiques (Cours),11/23/2018 01:30 PM CET,11/23/2018 03:30 PM CET
Système de bases de données / Systèmes de bases de données (BE),11/23/2018 03:45 PM CET,11/23/2018 05:45 PM CET
Défis informatiques du Big Data (Cours),11/26/2018 08:00 AM CET,11/26/2018 10:00 AM CET
Automatique Avancée / Extraction de connaissances et apprentissage artificiel / Extraction de Connaissances et apprentissage artificiel (Cours),11/26/2018 10:15 AM CET,11/26/2018 12:15 PM CET
Représentation et manipulation de données structurées (Cours),11/27/2018 04:15 PM CET,11/27/2018 06:15 PM CET
Systèmes embarqués en environnement hostile / Systèmes embarqués sécurisés (TP),11/28/2018 08:00 AM CET,11/28/2018 10:00 AM CET
Systèmes embarqués en environnement hostile / Systèmes embarqués sécurisés (TP),11/28/2018 10:15 AM CET,11/28/2018 12:15 PM CET
Défis informatiques du Big Data (TP),11/28/2018 02:00 PM CET,11/28/2018 04:00 PM CET
Défis informatiques du Big Data (TP),11/28/2018 04:15 PM CET,11/28/2018 06:15 PM CET
Système de bases de données / Systèmes de bases de données (Cours),11/29/2018 08:00 AM CET,11/29/2018 10:00 AM CET
Droit de l'entreprise (Cours),11/30/2018 08:00 AM CET,11/30/2018 10:00 AM CET
Intelligence économique et protection de l'information (Cours),11/30/2018 10:15 AM CET,11/30/2018 12:15 PM CET
Réseaux informatiques (Cours),11/30/2018 01:30 PM CET,11/30/2018 03:30 PM CET
Système de bases de données / Systèmes de bases de données (BE),11/30/2018 03:45 PM CET,11/30/2018 05:45 PM CET
Défis informatiques du Big Data (Cours),12/03/2018 08:00 AM CET,12/03/2018 10:00 AM CET
Automatique Avancée / Extraction de connaissances et apprentissage artificiel / Extraction de Connaissances et apprentissage artificiel (Cours),12/03/2018 10:15 AM CET,12/03/2018 12:15 PM CET
Représentation et manipulation de données structurées (BE),12/03/2018 02:00 PM CET,12/03/2018 04:00 PM CET
Représentation et manipulation de données structurées (BE),12/03/2018 04:15 PM CET,12/03/2018 06:15 PM CET
Représentation et manipulation de données structurées (Cours),12/04/2018 04:15 PM CET,12/04/2018 06:15 PM CET
Journée d'Option,12/05/2018 08:00 AM CET,12/05/2018 12:15 PM CET
Journée d'Option,12/05/2018 02:00 PM CET,12/05/2018 06:15 PM CET
Système de bases de données / Systèmes de bases de données (Restitution),12/07/2018 03:45 PM CET,12/07/2018 05:45 PM CET
Automatique Avancée / Extraction de connaissances et apprentissage artificiel / Extraction de Connaissances et apprentissage artificiel (BE),12/11/2018 08:00 AM CET,12/11/2018 10:00 AM CET
Automatique Avancée / Extraction de connaissances et apprentissage artificiel / Extraction de Connaissances et apprentissage artificiel (BE),12/11/2018 10:15 AM CET,12/11/2018 12:15 PM CET
Défis informatiques du Big Data (Examen),12/18/2018 08:00 AM CET,12/18/2018 10:00 AM CET
Extraction de connaissances et apprentissage artificiel / Extraction de Connaissances et apprentissage artificiel (Examen),12/18/2018 02:00 PM CET,12/18/2018 04:00 PM CET
Systèmes embarqués en environnement hostile / Systèmes embarqués sécurisés (Examen),12/19/2018 08:00 AM CET,12/19/2018 10:00 AM CET
Représentation et manipulation de données structurées (Examen),12/19/2018 02:00 PM CET,12/19/2018 04:00 PM CET
Droit de l'entreprise (Examen),12/20/2018 08:00 AM CET,12/20/2018 10:00 AM CET
Intelligence économique et protection de l'information (Examen),12/20/2018 10:30 AM CET,12/20/2018 12:30 PM CET
Réseaux informatiques (Examen),12/21/2018 08:00 AM CET,12/21/2018 10:00 AM CET
Système de bases de données / Systèmes de bases de données (Examen),12/21/2018 01:30 PM CET,12/21/2018 03:30 PM CET
Anglais fort (TD),01/09/2019 08:00 AM CET,01/09/2019 10:00 AM CET
Hybrid electric vehicles : modelling and energy management / Véhicules hybrides : modélisation et gestion de l'énergie (Cours),01/09/2019 02:00 PM CET,01/09/2019 04:00 PM CET
Hybrid electric vehicles : modelling and energy management / Véhicules hybrides : modélisation et gestion de l'énergie (Cours),01/09/2019 04:15 PM CET,01/09/2019 06:15 PM CET
Modélisation et gestion du trafic (Cours),01/11/2019 08:00 AM CET,01/11/2019 09:00 AM CET
Modélisation et gestion du trafic (BE),01/11/2019 09:00 AM CET,01/11/2019 12:15 PM CET
Visualisation interactive de données / Visualisation interactive des données (Cours),01/11/2019 01:30 PM CET,01/11/2019 03:30 PM CET
Visualisation interactive de données / Visualisation interactive des données (TP),01/11/2019 03:45 PM CET,01/11/2019 05:45 PM CET
Anglais fort (TD),01/16/2019 08:00 AM CET,01/16/2019 10:00 AM CET
Hybrid electric vehicles : modelling and energy management / Véhicules hybrides : modélisation et gestion de l'énergie (Cours),01/16/2019 02:00 PM CET,01/16/2019 04:00 PM CET
Hybrid electric vehicles : modelling and energy management / Véhicules hybrides : modélisation et gestion de l'énergie (Cours),01/16/2019 04:15 PM CET,01/16/2019 06:15 PM CET
Visualisation interactive de données / Visualisation interactive des données (Cours),01/18/2019 01:30 PM CET,01/18/2019 03:30 PM CET
Visualisation interactive de données / Visualisation interactive des données (TP),01/18/2019 03:45 PM CET,01/18/2019 05:45 PM CET
Anglais fort (TD),01/23/2019 08:00 AM CET,01/23/2019 10:00 AM CET
Hybrid electric vehicles : modelling and energy management / Véhicules hybrides : modélisation et gestion de l'énergie (Cours),01/23/2019 02:00 PM CET,01/23/2019 04:00 PM CET
Hybrid electric vehicles : modelling and energy management / Véhicules hybrides : modélisation et gestion de l'énergie (Cours),01/23/2019 04:15 PM CET,01/23/2019 06:15 PM CET
Modélisation et gestion du trafic (Cours),01/25/2019 08:00 AM CET,01/25/2019 10:00 AM CET
Modélisation et gestion du trafic (Cours),01/25/2019 10:15 AM CET,01/25/2019 12:15 PM CET
Visualisation interactive de données / Visualisation interactive des données (Cours),01/25/2019 01:30 PM CET,01/25/2019 03:30 PM CET
Visualisation interactive de données / Visualisation interactive des données (TP),01/25/2019 03:45 PM CET,01/25/2019 05:45 PM CET
Anglais fort (TD),01/30/2019 08:00 AM CET,01/30/2019 10:00 AM CET
Hybrid electric vehicles : modelling and energy management / Véhicules hybrides : modélisation et gestion de l'énergie (Cours),01/30/2019 02:00 PM CET,01/30/2019 04:00 PM CET
Hybrid electric vehicles : modelling and energy management / Véhicules hybrides : modélisation et gestion de l'énergie (Cours),01/30/2019 04:15 PM CET,01/30/2019 06:15 PM CET
Modélisation et gestion du trafic (Cours),02/01/2019 08:00 AM CET,02/01/2019 10:00 AM CET
Modélisation et gestion du trafic (Cours),02/01/2019 10:15 AM CET,02/01/2019 12:15 PM CET
Visualisation interactive de données / Visualisation interactive des données (Cours),02/01/2019 01:30 PM CET,02/01/2019 03:30 PM CET
Visualisation interactive de données / Visualisation interactive des données (TP),02/01/2019 03:45 PM CET,02/01/2019 05:45 PM CET
Anglais fort (TD),02/06/2019 08:00 AM CET,02/06/2019 10:00 AM CET
Hybrid electric vehicles : modelling and energy management / Véhicules hybrides : modélisation et gestion de l'énergie (BE),02/06/2019 02:00 PM CET,02/06/2019 04:00 PM CET
Hybrid electric vehicles : modelling and energy management / Véhicules hybrides : modélisation et gestion de l'énergie (BE),02/06/2019 04:15 PM CET,02/06/2019 06:15 PM CET
Modélisation et gestion du trafic (Cours),02/08/2019 08:00 AM CET,02/08/2019 10:00 AM CET
Modélisation et gestion du trafic (Cours),02/08/2019 10:15 AM CET,02/08/2019 12:15 PM CET
Visualisation interactive de données / Visualisation interactive des données (Cours),02/08/2019 01:30 PM CET,02/08/2019 03:30 PM CET
Visualisation interactive de données / Visualisation interactive des données (TP),02/08/2019 03:45 PM CET,02/08/2019 05:45 PM CET
Anglais fort (TD),02/13/2019 08:00 AM CET,02/13/2019 10:00 AM CET
Hybrid electric vehicles : modelling and energy management / Véhicules hybrides : modélisation et gestion de l'énergie (BE),02/13/2019 02:00 PM CET,02/13/2019 04:00 PM CET
Hybrid electric vehicles : modelling and energy management / Véhicules hybrides : modélisation et gestion de l'énergie (BE),02/13/2019 04:15 PM CET,02/13/2019 06:15 PM CET
Modélisation et gestion du trafic (Cours),02/15/2019 08:00 AM CET,02/15/2019 10:00 AM CET
Modélisation et gestion du trafic (Cours),02/15/2019 10:15 AM CET,02/15/2019 12:15 PM CET
Visualisation interactive de données / Visualisation interactive des données (TP),02/15/2019 01:30 PM CET,02/15/2019 03:30 PM CET
Visualisation interactive de données / Visualisation interactive des données (TP),02/15/2019 03:45 PM CET,02/15/2019 05:45 PM CET
Anglais fort (TD),02/27/2019 08:00 AM CET,02/27/2019 10:00 AM CET
Hybrid electric vehicles : modelling and energy management / Véhicules hybrides : modélisation et gestion de l'énergie (BE),02/27/2019 02:00 PM CET,02/27/2019 04:00 PM CET
Hybrid electric vehicles : modelling and energy management / Véhicules hybrides : modélisation et gestion de l'énergie (BE),02/27/2019 04:15 PM CET,02/27/2019 06:15 PM CET
Modélisation et gestion du trafic (BE),03/01/2019 08:00 AM CET,03/01/2019 10:00 AM CET
Modélisation et gestion du trafic (BE),03/01/2019 10:15 AM CET,03/01/2019 12:15 PM CET
Anglais fort (TD),03/06/2019 08:00 AM CET,03/06/2019 10:00 AM CET
Modélisation et gestion du trafic (Cours),03/08/2019 08:00 AM CET,03/08/2019 10:00 AM CET
Modélisation et gestion du trafic (Cours),03/08/2019 10:15 AM CET,03/08/2019 12:15 PM CET
Visualisation interactive de données / Visualisation interactive des données (Cours),03/08/2019 01:30 PM CET,03/08/2019 03:30 PM CET
Visualisation interactive de données / Visualisation interactive des données (Cours),03/08/2019 03:45 PM CET,03/08/2019 05:45 PM CET
